series,$pathname,Total Sum
$pageview,/products/page-ai,17
$pageview,/products/boltai,14
$pageview,/products/crontap,14
$pageview,/products/thumblifyai,8
$pageview,/products/sentry,8
$pageview,/products/typingmind,8
$pageview,/products/chattempmail,6
$pageview,/products/sip,6
$pageview,/products/postflow,6
$pageview,/products/rewritebar,6
$pageview,/products/taprefer,6
$pageview,/products/branding5,5
$pageview,/products/despeech,5
$pageview,/products/labex,5
$pageview,/products/once,5
$pageview,/products/typeboost,5
$pageview,/products/gumtrends,4
$pageview,/products/larafast,4
$pageview,/products/shiftapp,4
$pageview,/products/shipixen,4
$pageview,/products/shotomatic,4
$pageview,/products/postsyncer,3
